<?xml version="1.0" encoding="utf-8" standalone="yes" ?>
<rss version="2.0" xmlns:atom="http://www.w3.org/2005/Atom">
  <channel>
    <title>Tags on Ramos on Software</title>
    <link>https://jcjramos.github.io/tags/</link>
    <description>Recent content in Tags on Ramos on Software</description>
    <generator>Hugo -- gohugo.io</generator>
    <language>en-us</language>
    <lastBuildDate>Mon, 17 Dec 2018 13:23:10 +0100</lastBuildDate>
    
	<atom:link href="https://jcjramos.github.io/tags/index.xml" rel="self" type="application/rss+xml" />
    
    
    <item>
      <title>Getting Started</title>
      <link>https://jcjramos.github.io/tags/getting-started/</link>
      <pubDate>Mon, 17 Dec 2018 13:23:10 +0100</pubDate>
      
      <guid>https://jcjramos.github.io/tags/getting-started/</guid>
      <description></description>
    </item>
    
  </channel>
</rss>