<?xml version="1.0" encoding="utf-8" standalone="yes" ?>
<rss version="2.0" xmlns:atom="http://www.w3.org/2005/Atom">
  <channel>
    <title>News on Ramos on Software</title>
    <link>https://jcjramos.github.io/categories/news/</link>
    <description>Recent content in News on Ramos on Software</description>
    <generator>Hugo -- gohugo.io</generator>
    <language>en-us</language>
    
	<atom:link href="https://jcjramos.github.io/categories/news/index.xml" rel="self" type="application/rss+xml" />
    
    
    <item>
      <title>Read Last Week - Everybody loves Facebook !</title>
      <link>https://jcjramos.github.io/posts/2018-03-26-read-last-week-everybody-loves-facebook/</link>
      <pubDate>Mon, 01 Jan 0001 00:00:00 +0000</pubDate>
      
      <guid>https://jcjramos.github.io/posts/2018-03-26-read-last-week-everybody-loves-facebook/</guid>
      <description>The register  Facebook&amp;rsquo;s inflection point: Now everyone knows this greedy mass surveillance operation for what it is  Slashdot This past week, a New Zealand man was looking through the data Facebook had collected from him in an archive he had pulled down from the social networking site. While scanning the information Facebook had stored about his contacts, Dylan McKay discovered something distressing: Facebook also had about two years worth of phone call metadata from his Android phone</description>
    </item>
    
    <item>
      <title>Read last week</title>
      <link>https://jcjramos.github.io/posts/2018-03-05-read-last-wekk/</link>
      <pubDate>Mon, 01 Jan 0001 00:00:00 +0000</pubDate>
      
      <guid>https://jcjramos.github.io/posts/2018-03-05-read-last-wekk/</guid>
      <description>The economist on “self driving cars” 
Particularly interesting is this part regarding privacy “AVs will record everything that happens in and around them. When a crime is committed, the police will ask nearby cars if they saw anything. Fleet operators will know a great deal about their riders”.
Wired on China “Big Brother” Social Credits approach
Kind of old news, but found it last week …&amp;ldquo;Imagine a world where many of your daily activities were constantly monitored and evaluated… It&amp;rsquo;s not hard to picture, because most of that already happens….</description>
    </item>
    
    <item>
      <title>Read last week - Cambridge Analytica</title>
      <link>https://jcjramos.github.io/posts/2018-03-20-read-last-week-2/</link>
      <pubDate>Mon, 01 Jan 0001 00:00:00 +0000</pubDate>
      
      <guid>https://jcjramos.github.io/posts/2018-03-20-read-last-week-2/</guid>
      <description>BBC on Cambridge Analytica
Tech giant Facebook and data analytics firm Cambridge Analytica are at the centre of a dispute over the harvesting and use of personal dat
&amp;nbsp;
BGR on Slingshot
A nation-state developed a piece of malware so powerful that it can steal everything that’s happening on a computer without even being install on the target device itself. Instead, it resides on a router. It’s called Slingshot and it was recently discovered by Kaspersky Labs.</description>
    </item>
    
    <item>
      <title>Read last week - MoviePass</title>
      <link>https://jcjramos.github.io/posts/2018-03-12-read-last-week/</link>
      <pubDate>Mon, 01 Jan 0001 00:00:00 +0000</pubDate>
      
      <guid>https://jcjramos.github.io/posts/2018-03-12-read-last-week/</guid>
      <description>Wow
MoviePass CEO Mitch Lowe told an audience at a Hollywood event last Friday that the app tracks moviegoers&amp;rsquo; locations before and after each show they watch. &amp;ldquo;We get an enormous amount of information,&amp;rdquo;
Hardcoded Password Found in Cisco Software
&amp;nbsp;</description>
    </item>
    
  </channel>
</rss>