<?xml version="1.0" encoding="utf-8" standalone="yes" ?>
<rss version="2.0" xmlns:atom="http://www.w3.org/2005/Atom">
  <channel>
    <title>Facebook on Ramos on Software</title>
    <link>https://jcjramos.github.io/categories/facebook/</link>
    <description>Recent content in Facebook on Ramos on Software</description>
    <generator>Hugo -- gohugo.io</generator>
    <language>en-us</language>
    
	<atom:link href="https://jcjramos.github.io/categories/facebook/index.xml" rel="self" type="application/rss+xml" />
    
    
    <item>
      <title>Read Last Week - Everybody loves Facebook !</title>
      <link>https://jcjramos.github.io/posts/2018-03-26-read-last-week-everybody-loves-facebook/</link>
      <pubDate>Mon, 01 Jan 0001 00:00:00 +0000</pubDate>
      
      <guid>https://jcjramos.github.io/posts/2018-03-26-read-last-week-everybody-loves-facebook/</guid>
      <description>The register  Facebook&amp;rsquo;s inflection point: Now everyone knows this greedy mass surveillance operation for what it is  Slashdot This past week, a New Zealand man was looking through the data Facebook had collected from him in an archive he had pulled down from the social networking site. While scanning the information Facebook had stored about his contacts, Dylan McKay discovered something distressing: Facebook also had about two years worth of phone call metadata from his Android phone</description>
    </item>
    
  </channel>
</rss>