<?xml version="1.0" encoding="utf-8" standalone="yes" ?>
<rss version="2.0" xmlns:atom="http://www.w3.org/2005/Atom">
  <channel>
    <title>Categories on Ramos on Software</title>
    <link>https://jcjramos.github.io/categories/</link>
    <description>Recent content in Categories on Ramos on Software</description>
    <generator>Hugo -- gohugo.io</generator>
    <language>en-us</language>
    
	<atom:link href="https://jcjramos.github.io/categories/index.xml" rel="self" type="application/rss+xml" />
    
    
    <item>
      <title>Cryptocurrencies</title>
      <link>https://jcjramos.github.io/categories/cryptocurrencies/</link>
      <pubDate>Mon, 01 Jan 0001 00:00:00 +0000</pubDate>
      
      <guid>https://jcjramos.github.io/categories/cryptocurrencies/</guid>
      <description></description>
    </item>
    
    <item>
      <title>Current Trends</title>
      <link>https://jcjramos.github.io/categories/current-trends/</link>
      <pubDate>Mon, 01 Jan 0001 00:00:00 +0000</pubDate>
      
      <guid>https://jcjramos.github.io/categories/current-trends/</guid>
      <description></description>
    </item>
    
    <item>
      <title>Docker</title>
      <link>https://jcjramos.github.io/categories/docker/</link>
      <pubDate>Mon, 17 Dec 2018 13:23:10 +0100</pubDate>
      
      <guid>https://jcjramos.github.io/categories/docker/</guid>
      <description></description>
    </item>
    
    <item>
      <title>Dst</title>
      <link>https://jcjramos.github.io/categories/dst/</link>
      <pubDate>Mon, 01 Jan 0001 00:00:00 +0000</pubDate>
      
      <guid>https://jcjramos.github.io/categories/dst/</guid>
      <description></description>
    </item>
    
    <item>
      <title>E Government</title>
      <link>https://jcjramos.github.io/categories/e-government/</link>
      <pubDate>Mon, 01 Jan 0001 00:00:00 +0000</pubDate>
      
      <guid>https://jcjramos.github.io/categories/e-government/</guid>
      <description></description>
    </item>
    
    <item>
      <title>Facebook</title>
      <link>https://jcjramos.github.io/categories/facebook/</link>
      <pubDate>Mon, 01 Jan 0001 00:00:00 +0000</pubDate>
      
      <guid>https://jcjramos.github.io/categories/facebook/</guid>
      <description></description>
    </item>
    
    <item>
      <title>Gdpr</title>
      <link>https://jcjramos.github.io/categories/gdpr/</link>
      <pubDate>Mon, 01 Jan 0001 00:00:00 +0000</pubDate>
      
      <guid>https://jcjramos.github.io/categories/gdpr/</guid>
      <description></description>
    </item>
    
    <item>
      <title>Kubernetes</title>
      <link>https://jcjramos.github.io/categories/kubernetes/</link>
      <pubDate>Mon, 17 Dec 2018 13:23:10 +0100</pubDate>
      
      <guid>https://jcjramos.github.io/categories/kubernetes/</guid>
      <description></description>
    </item>
    
    <item>
      <title>Microservices</title>
      <link>https://jcjramos.github.io/categories/microservices/</link>
      <pubDate>Mon, 17 Dec 2018 13:23:10 +0100</pubDate>
      
      <guid>https://jcjramos.github.io/categories/microservices/</guid>
      <description></description>
    </item>
    
    <item>
      <title>News</title>
      <link>https://jcjramos.github.io/categories/news/</link>
      <pubDate>Mon, 01 Jan 0001 00:00:00 +0000</pubDate>
      
      <guid>https://jcjramos.github.io/categories/news/</guid>
      <description></description>
    </item>
    
    <item>
      <title>Privacy</title>
      <link>https://jcjramos.github.io/categories/privacy/</link>
      <pubDate>Mon, 01 Jan 0001 00:00:00 +0000</pubDate>
      
      <guid>https://jcjramos.github.io/categories/privacy/</guid>
      <description></description>
    </item>
    
    <item>
      <title>Public</title>
      <link>https://jcjramos.github.io/categories/public/</link>
      <pubDate>Mon, 01 Jan 0001 00:00:00 +0000</pubDate>
      
      <guid>https://jcjramos.github.io/categories/public/</guid>
      <description></description>
    </item>
    
    <item>
      <title>Public Services</title>
      <link>https://jcjramos.github.io/categories/public-services/</link>
      <pubDate>Mon, 01 Jan 0001 00:00:00 +0000</pubDate>
      
      <guid>https://jcjramos.github.io/categories/public-services/</guid>
      <description></description>
    </item>
    
    <item>
      <title>Ransomware</title>
      <link>https://jcjramos.github.io/categories/ransomware/</link>
      <pubDate>Mon, 01 Jan 0001 00:00:00 +0000</pubDate>
      
      <guid>https://jcjramos.github.io/categories/ransomware/</guid>
      <description></description>
    </item>
    
    <item>
      <title>Security</title>
      <link>https://jcjramos.github.io/categories/security/</link>
      <pubDate>Mon, 01 Jan 0001 00:00:00 +0000</pubDate>
      
      <guid>https://jcjramos.github.io/categories/security/</guid>
      <description></description>
    </item>
    
    <item>
      <title>Software</title>
      <link>https://jcjramos.github.io/categories/software/</link>
      <pubDate>Mon, 01 Jan 0001 00:00:00 +0000</pubDate>
      
      <guid>https://jcjramos.github.io/categories/software/</guid>
      <description></description>
    </item>
    
    <item>
      <title>Tips</title>
      <link>https://jcjramos.github.io/categories/tips/</link>
      <pubDate>Mon, 01 Jan 0001 00:00:00 +0000</pubDate>
      
      <guid>https://jcjramos.github.io/categories/tips/</guid>
      <description></description>
    </item>
    
    <item>
      <title>Vulnerabilities</title>
      <link>https://jcjramos.github.io/categories/vulnerabilities/</link>
      <pubDate>Mon, 01 Jan 0001 00:00:00 +0000</pubDate>
      
      <guid>https://jcjramos.github.io/categories/vulnerabilities/</guid>
      <description></description>
    </item>
    
  </channel>
</rss>