<?xml version="1.0" encoding="utf-8" standalone="yes" ?>
<rss version="2.0" xmlns:atom="http://www.w3.org/2005/Atom">
  <channel>
    <title>E Government on Ramos on Software</title>
    <link>https://jcjramos.github.io/categories/e-government/</link>
    <description>Recent content in E Government on Ramos on Software</description>
    <generator>Hugo -- gohugo.io</generator>
    <language>en-us</language>
    
	<atom:link href="https://jcjramos.github.io/categories/e-government/index.xml" rel="self" type="application/rss+xml" />
    
    
    <item>
      <title>E-Nightmare</title>
      <link>https://jcjramos.github.io/posts/2018-08-24-e-nightmare/</link>
      <pubDate>Mon, 01 Jan 0001 00:00:00 +0000</pubDate>
      
      <guid>https://jcjramos.github.io/posts/2018-08-24-e-nightmare/</guid>
      <description>“E-Government” has been quite a trendy buzzword all around Europe, according to the UN E-Government survey Portugal ranks 29 in worldwide E-Government services which is not great but not too bad either. For sake of comparison number 1 is Denmark, Belgium is 28 and Poland 33.
Anyway It is cool that many public services have been made available online. I just wonder what the ranking would be if they considered security.</description>
    </item>
    
  </channel>
</rss>