<?xml version="1.0" encoding="utf-8" standalone="yes" ?>
<rss version="2.0" xmlns:atom="http://www.w3.org/2005/Atom">
  <channel>
    <title>Tips on Ramos on Software</title>
    <link>https://jcjramos.github.io/categories/tips/</link>
    <description>Recent content in Tips on Ramos on Software</description>
    <generator>Hugo -- gohugo.io</generator>
    <language>en-us</language>
    
	<atom:link href="https://jcjramos.github.io/categories/tips/index.xml" rel="self" type="application/rss+xml" />
    
    
    <item>
      <title>How do I know if a particular Web site is secure ? HTTP vs HTTPs</title>
      <link>https://jcjramos.github.io/posts/2018-03-09-how-do-i-know-if-a-particular-web-site-is-secure-part-1-http-vs-https/</link>
      <pubDate>Mon, 01 Jan 0001 00:00:00 +0000</pubDate>
      
      <guid>https://jcjramos.github.io/posts/2018-03-09-how-do-i-know-if-a-particular-web-site-is-secure-part-1-http-vs-https/</guid>
      <description>The short answer is you don’t know … there is no simple ways to check, web infrastructure these days is complex and there is no public reporting of security practices used or even testing reports. The web owner can ( and will if they care about security ) use some kind of vulnerability testing, but it’s actually not nice to test 3rd party sites for vulnerabilities and generally people don’t make these public.</description>
    </item>
    
  </channel>
</rss>