<?xml version="1.0" encoding="utf-8" standalone="yes" ?>
<rss version="2.0" xmlns:atom="http://www.w3.org/2005/Atom">
  <channel>
    <title>About on Ramos on Software</title>
    <link>https://jcjramos.github.io/about/</link>
    <description>Recent content in About on Ramos on Software</description>
    <generator>Hugo -- gohugo.io</generator>
    <language>en-us</language>
    
	<atom:link href="https://jcjramos.github.io/about/index.xml" rel="self" type="application/rss+xml" />
    
    
  </channel>
</rss>