<?xml version="1.0" encoding="utf-8" standalone="yes" ?>
<rss version="2.0" xmlns:atom="http://www.w3.org/2005/Atom">
  <channel>
    <title>Current Trends on Ramos on Software</title>
    <link>https://jcjramos.github.io/categories/current-trends/</link>
    <description>Recent content in Current Trends on Ramos on Software</description>
    <generator>Hugo -- gohugo.io</generator>
    <language>en-us</language>
    
	<atom:link href="https://jcjramos.github.io/categories/current-trends/index.xml" rel="self" type="application/rss+xml" />
    
    
    <item>
      <title>About Bitcoin, Cryptocurrencies and Cryptomining</title>
      <link>https://jcjramos.github.io/posts/2018-02-27-about-bitcoin-cryptocurrencies-and-cryptomining/</link>
      <pubDate>Mon, 01 Jan 0001 00:00:00 +0000</pubDate>
      
      <guid>https://jcjramos.github.io/posts/2018-02-27-about-bitcoin-cryptocurrencies-and-cryptomining/</guid>
      <description>The current cryptocurrency trend brings fresh challenges to security, and should be a concern even if you, like me don’t understand where’s the fun of Bitcoin and don’t care much about it.
Cryptocurrencies were one of the greatest trends in 2017, in particular the crypto “star” Bitcoin that started the year around 1000$ and ended it well above 10000$. Although I really don’t find Bitcoin particularly interesting ( just go elsewhere if you are looking for investment tips – I’m not really good at it ) I think that the concept behind it, Blockchain, has potential and can be useful in a lot of different ways.</description>
    </item>
    
    <item>
      <title>Is P@ssword1 more secure than password ?</title>
      <link>https://jcjramos.github.io/posts/2018-03-06-is-pssword1-more-secure-than-password/</link>
      <pubDate>Mon, 01 Jan 0001 00:00:00 +0000</pubDate>
      
      <guid>https://jcjramos.github.io/posts/2018-03-06-is-pssword1-more-secure-than-password/</guid>
      <description>On the scope on the GDPR there was some recent news in Portugal regarding Government guidelines for online public services. Atually public service security is an important issue as in Portugal we have lot’s of personal info in public sites, for example a service call eFactura stores basically every invoice where you have put a VAT number – thus very valuable info.
The new guidelines are still under discussion, but a kind of pre-release showed up today in todays specialized press.</description>
    </item>
    
    <item>
      <title>Read Last Week - Everybody loves Facebook !</title>
      <link>https://jcjramos.github.io/posts/2018-03-26-read-last-week-everybody-loves-facebook/</link>
      <pubDate>Mon, 01 Jan 0001 00:00:00 +0000</pubDate>
      
      <guid>https://jcjramos.github.io/posts/2018-03-26-read-last-week-everybody-loves-facebook/</guid>
      <description>The register  Facebook&amp;rsquo;s inflection point: Now everyone knows this greedy mass surveillance operation for what it is  Slashdot This past week, a New Zealand man was looking through the data Facebook had collected from him in an archive he had pulled down from the social networking site. While scanning the information Facebook had stored about his contacts, Dylan McKay discovered something distressing: Facebook also had about two years worth of phone call metadata from his Android phone</description>
    </item>
    
    <item>
      <title>Read last week</title>
      <link>https://jcjramos.github.io/posts/2018-03-05-read-last-wekk/</link>
      <pubDate>Mon, 01 Jan 0001 00:00:00 +0000</pubDate>
      
      <guid>https://jcjramos.github.io/posts/2018-03-05-read-last-wekk/</guid>
      <description>The economist on “self driving cars” 
Particularly interesting is this part regarding privacy “AVs will record everything that happens in and around them. When a crime is committed, the police will ask nearby cars if they saw anything. Fleet operators will know a great deal about their riders”.
Wired on China “Big Brother” Social Credits approach
Kind of old news, but found it last week …&amp;ldquo;Imagine a world where many of your daily activities were constantly monitored and evaluated… It&amp;rsquo;s not hard to picture, because most of that already happens….</description>
    </item>
    
    <item>
      <title>Read last week</title>
      <link>https://jcjramos.github.io/posts/2018-10-12-read-last-week-3/</link>
      <pubDate>Mon, 01 Jan 0001 00:00:00 +0000</pubDate>
      
      <guid>https://jcjramos.github.io/posts/2018-10-12-read-last-week-3/</guid>
      <description>NotPetya The Untold Story of NotPetya, the Most Devastating Cyberattack in History. Fear At the Open Source Summit, Window Snyder, Chief Security Officer at Intel, explains why fear is not a good motivator for improving cyber-security and provides insight into how to improve software defenses. Security  In today&amp;rsquo;s world, computers are now so omnipresent that there is no longer any such thing as cybersecurity, online security, or computer security – there&amp;rsquo;s only security.</description>
    </item>
    
    <item>
      <title>Read last week - Cambridge Analytica</title>
      <link>https://jcjramos.github.io/posts/2018-03-20-read-last-week-2/</link>
      <pubDate>Mon, 01 Jan 0001 00:00:00 +0000</pubDate>
      
      <guid>https://jcjramos.github.io/posts/2018-03-20-read-last-week-2/</guid>
      <description>BBC on Cambridge Analytica
Tech giant Facebook and data analytics firm Cambridge Analytica are at the centre of a dispute over the harvesting and use of personal dat
&amp;nbsp;
BGR on Slingshot
A nation-state developed a piece of malware so powerful that it can steal everything that’s happening on a computer without even being install on the target device itself. Instead, it resides on a router. It’s called Slingshot and it was recently discovered by Kaspersky Labs.</description>
    </item>
    
    <item>
      <title>Read last week - MoviePass</title>
      <link>https://jcjramos.github.io/posts/2018-03-12-read-last-week/</link>
      <pubDate>Mon, 01 Jan 0001 00:00:00 +0000</pubDate>
      
      <guid>https://jcjramos.github.io/posts/2018-03-12-read-last-week/</guid>
      <description>Wow
MoviePass CEO Mitch Lowe told an audience at a Hollywood event last Friday that the app tracks moviegoers&amp;rsquo; locations before and after each show they watch. &amp;ldquo;We get an enormous amount of information,&amp;rdquo;
Hardcoded Password Found in Cisco Software
&amp;nbsp;</description>
    </item>
    
    <item>
      <title>Read last week - Whois GDPR ?</title>
      <link>https://jcjramos.github.io/posts/2018-04-30-read-last-week-whois-gdpr/</link>
      <pubDate>Mon, 01 Jan 0001 00:00:00 +0000</pubDate>
      
      <guid>https://jcjramos.github.io/posts/2018-04-30-read-last-week-whois-gdpr/</guid>
      <description>Hey, so Europe&amp;rsquo;s GDPR privacy deadline for Whois? We&amp;rsquo;re going to miss it &amp;hellip; by a year or so https://www.theregister.co.uk/2018/04/10/gdpr_whois_regulations/ China “Social Credit Score” http://newyork.cbslocal.com/2018/04/24/china-assigns-every-citizen-a-social-credit-score-to-identify-who-is-and-isnt-trustworthy/ Google new Chat service https://www.bleepingcomputer.com/news/google/google-accused-of-showing-total-contempt-for-android-users-privacy/</description>
    </item>
    
  </channel>
</rss>