<?xml version="1.0" encoding="utf-8" standalone="yes" ?>
<rss version="2.0" xmlns:atom="http://www.w3.org/2005/Atom">
  <channel>
    <title>Public Services on Ramos on Software</title>
    <link>https://jcjramos.github.io/categories/public-services/</link>
    <description>Recent content in Public Services on Ramos on Software</description>
    <generator>Hugo -- gohugo.io</generator>
    <language>en-us</language>
    
	<atom:link href="https://jcjramos.github.io/categories/public-services/index.xml" rel="self" type="application/rss+xml" />
    
    
    <item>
      <title>Is P@ssword1 more secure than password ?</title>
      <link>https://jcjramos.github.io/posts/2018-03-06-is-pssword1-more-secure-than-password/</link>
      <pubDate>Mon, 01 Jan 0001 00:00:00 +0000</pubDate>
      
      <guid>https://jcjramos.github.io/posts/2018-03-06-is-pssword1-more-secure-than-password/</guid>
      <description>On the scope on the GDPR there was some recent news in Portugal regarding Government guidelines for online public services. Atually public service security is an important issue as in Portugal we have lot’s of personal info in public sites, for example a service call eFactura stores basically every invoice where you have put a VAT number – thus very valuable info.
The new guidelines are still under discussion, but a kind of pre-release showed up today in todays specialized press.</description>
    </item>
    
  </channel>
</rss>